applicant_id,credit_score,annual_income,loan_amount,dti_ratio,employment_tenure,default
APP00000,349,167411,44029,0.44,4,1
APP00001,726,155240,4041,0.58,0,0
APP00002,660,124914,20478,0.29,13,0
APP00003,541,180689,23455,0.31,14,0
APP00004,538,51805,40096,0.51,16,1
APP00005,773,186580,7322,0.35,19,0
APP00006,347,174539,22269,0.47,10,0
APP00007,684,115618,8464,0.33,17,0
APP00008,411,154677,39594,0.21,15,1
APP00009,351,118447,31982,0.47,5,1
APP00010,590,75690,25340,0.17,17,0
APP00011,837,165978,20253,0.2,1,0
APP00012,705,71806,8505,0.41,12,0
APP00013,719,83456,46171,0.47,19,0
APP00014,695,118280,32736,0.55,13,0
APP00015,733,172355,16638,0.24,19,0
APP00016,582,95267,21283,0.16,1,0
APP00017,370,114004,36583,0.58,11,1
APP00018,762,37083,36259,0.18,16,0
APP00019,548,49695,23594,0.2,13,0
APP00020,575,39511,15842,0.25,18,0
APP00021,504,42250,33338,0.36,9,0
APP00022,400,177649,33254,0.54,14,0
APP00023,810,173139,30385,0.48,8,0
APP00024,730,169721,4569,0.45,18,0
APP00025,654,39446,24166,0.19,2,0
APP00026,521,43199,31082,0.28,5,0
APP00027,753,77704,47553,0.34,2,0
APP00028,600,126100,26753,0.17,14,0
APP00029,544,86802,17793,0.24,4,0
APP00030,548,112885,28234,0.25,6,0
APP00031,425,59409,9684,0.16,17,1
APP00032,350,154232,5444,0.38,7,1
APP00033,605,83362,34227,0.45,3,0
APP00034,789,41312,49323,0.13,0,0
APP00035,335,156258,42455,0.34,4,1
APP00036,772,183474,29600,0.49,19,0
APP00037,756,32496,2972,0.47,11,0
APP00038,452,104234,49411,0.51,20,1
APP00039,648,170620,23032,0.32,4,0
APP00040,391,150048,15193,0.51,7,1
APP00041,717,175614,44732,0.22,3,0
APP00042,685,100586,37574,0.28,8,0
APP00043,495,93284,37732,0.19,11,0
APP00044,337,150560,14610,0.33,16,0
APP00045,834,56114,49599,0.3,7,0
APP00046,545,70701,23190,0.22,16,0
APP00047,792,132143,27039,0.48,13,0
APP00048,673,143637,37797,0.26,6,0
APP00049,728,50344,33340,0.24,19,0
APP00050,718,116413,9442,0.17,9,0
APP00051,407,92036,15821,0.32,3,1
APP00052,500,115297,18698,0.25,20,0
APP00053,557,192933,47430,0.28,19,0
APP00054,574,43023,36011,0.22,1,0
APP00055,324,199229,18950,0.48,18,0
APP00056,601,106428,37002,0.57,19,0
APP00057,385,161258,37187,0.35,17,1
APP00058,709,102160,20317,0.42,5,0
APP00059,676,82863,20754,0.53,13,0
APP00060,808,161002,44821,0.6,11,0
APP00061,710,146903,28529,0.41,13,0
APP00062,502,54490,8326,0.54,12,0
APP00063,833,149919,36270,0.55,13,0
APP00064,526,158023,29889,0.5,10,0
APP00065,479,95933,25938,0.33,14,0
APP00066,798,187361,36530,0.14,11,0
APP00067,504,138951,45448,0.11,0,1
APP00068,342,86717,17191,0.34,0,1
APP00069,558,31823,21546,0.35,20,0
APP00070,738,144743,10285,0.3,19,0
APP00071,404,65540,32707,0.38,12,0
APP00072,555,158610,20733,0.38,3,0
APP00073,371,119265,17776,0.52,16,0
APP00074,678,109343,35130,0.15,3,0
APP00075,562,57837,21000,0.21,7,0
APP00076,481,150956,23754,0.5,6,0
APP00077,425,58204,22562,0.52,0,1
APP00078,611,101018,13668,0.6,16,0
APP00079,669,172172,7164,0.54,10,0
APP00080,818,186463,41535,0.54,6,0
APP00081,540,198153,5494,0.26,10,0
APP00082,388,192862,16919,0.3,0,0
APP00083,758,124515,33707,0.23,9,0
APP00084,647,64081,7433,0.4,10,0
APP00085,685,172642,33121,0.57,7,0
APP00086,353,166277,36920,0.27,17,1
APP00087,472,198355,33483,0.38,5,0
APP00088,723,140661,15946,0.25,2,0
APP00089,758,54071,1968,0.18,11,0
APP00090,539,115493,44481,0.2,18,0
APP00091,743,106202,17001,0.13,7,0
APP00092,763,173301,40446,0.57,0,0
APP00093,513,96737,10692,0.3,20,0
APP00094,794,85861,8958,0.52,9,0
APP00095,458,43608,39130,0.44,3,1
APP00096,431,172028,47047,0.2,12,1
APP00097,676,158406,43171,0.19,6,0
APP00098,650,37008,37811,0.51,19,0
APP00099,377,103742,13087,0.23,6,1
APP00100,758,111552,45748,0.56,11,0
APP00101,410,109786,33725,0.17,11,1
APP00102,743,186219,9436,0.44,5,0
APP00103,304,55614,7338,0.51,10,1
APP00104,739,82078,43687,0.22,2,0
APP00105,733,60757,14482,0.24,13,0
APP00106,729,71494,38529,0.58,15,0
APP00107,666,184208,7794,0.23,19,0
APP00108,559,189923,14746,0.31,6,0
APP00109,688,37590,14892,0.32,5,0
APP00110,452,137456,14774,0.23,11,0
APP00111,730,69585,34062,0.49,14,0
APP00112,606,62735,45805,0.49,20,0
APP00113,552,79650,45606,0.29,0,0
APP00114,578,63045,37336,0.52,5,0
APP00115,613,113334,10923,0.21,5,0
APP00116,320,199254,48069,0.1,5,1
APP00117,377,129696,27562,0.39,9,0
APP00118,435,152952,27752,0.6,18,0
APP00119,363,113859,35368,0.12,0,1
APP00120,542,32364,38686,0.2,17,0
APP00121,668,44299,47694,0.36,12,0
APP00122,660,75708,29537,0.5,12,0
APP00123,559,71423,30893,0.14,14,0
APP00124,771,172899,37531,0.3,2,0
APP00125,611,173410,13500,0.47,15,0
APP00126,343,175201,16078,0.29,5,0
APP00127,721,138390,31649,0.19,10,0
APP00128,616,124549,4142,0.2,14,0
APP00129,649,140355,16704,0.31,12,0
APP00130,611,99157,36182,0.34,6,0
APP00131,605,143935,48831,0.53,8,0
APP00132,349,165056,26455,0.42,10,1
APP00133,608,159694,20584,0.45,0,1
APP00134,737,134351,22578,0.59,15,0
APP00135,467,39878,34586,0.31,2,0
APP00136,632,153242,27679,0.3,9,0
APP00137,316,92323,2138,0.56,13,1
APP00138,491,156424,27423,0.22,1,0
APP00139,540,121720,20603,0.46,20,0
APP00140,841,179802,35339,0.48,7,0
APP00141,418,87537,43881,0.15,0,1
APP00142,452,188337,48160,0.33,13,0
APP00143,525,173562,30901,0.2,11,0
APP00144,846,86288,18765,0.19,13,0
APP00145,770,112037,22753,0.33,15,0
APP00146,319,120329,9646,0.24,9,0
APP00147,428,160667,46861,0.5,17,0
APP00148,752,147157,42519,0.55,7,0
APP00149,332,174843,42846,0.5,11,1
APP00150,771,92877,17078,0.23,3,1
APP00151,455,115815,16788,0.24,13,0
APP00152,805,103247,42974,0.23,5,0
APP00153,461,184624,27683,0.17,14,0
APP00154,539,81847,35528,0.57,16,1
APP00155,664,129811,25001,0.3,18,0
APP00156,369,50428,22696,0.21,19,1
APP00157,606,174547,31978,0.52,2,1
APP00158,578,95317,40836,0.3,2,0
APP00159,731,87900,17371,0.12,19,0
APP00160,848,129096,40648,0.18,7,0
APP00161,666,114799,12966,0.42,0,0
APP00162,525,174156,20738,0.49,6,0
APP00163,523,120340,45721,0.21,17,0
APP00164,530,117889,47769,0.56,7,0
APP00165,748,47846,46270,0.53,1,0
APP00166,476,33729,16486,0.52,15,1
APP00167,392,97754,42323,0.21,4,1
APP00168,484,199696,46869,0.13,7,1
APP00169,312,185948,48932,0.53,0,1
APP00170,358,136927,2024,0.25,12,0
APP00171,349,137242,37505,0.41,9,1
APP00172,725,96556,49841,0.48,18,0
APP00173,698,60176,38469,0.16,7,0
APP00174,683,31452,12425,0.49,4,0
APP00175,554,87605,38367,0.57,3,1
APP00176,695,83799,6157,0.46,4,0
APP00177,388,62572,24550,0.32,9,1
APP00178,796,74058,31685,0.54,1,1
APP00179,576,34219,23366,0.36,8,0
APP00180,816,133353,35292,0.47,17,0
APP00181,383,187669,12771,0.51,16,0
APP00182,574,147436,30705,0.47,13,0
APP00183,683,106195,32596,0.24,18,0
APP00184,573,101446,32056,0.16,16,0
APP00185,545,82281,15176,0.22,13,0
APP00186,391,54209,15964,0.35,18,0
APP00187,509,131741,13632,0.35,2,0
APP00188,431,126309,23627,0.39,17,1
APP00189,466,31243,29712,0.3,6,1
APP00190,676,100639,18764,0.49,15,0
APP00191,647,77264,21089,0.56,19,0
APP00192,634,58948,15034,0.22,10,0
APP00193,499,149516,11724,0.47,1,0
APP00194,828,119390,33215,0.44,7,0
APP00195,348,137741,40987,0.36,8,1
APP00196,488,151292,15244,0.19,19,0
APP00197,365,196907,43168,0.5,19,1
APP00198,486,166470,28978,0.58,11,1
APP00199,830,135461,9217,0.46,19,0
APP00200,501,179434,18934,0.56,9,0
APP00201,800,111176,1367,0.59,8,0
APP00202,572,197411,2919,0.28,17,0
APP00203,685,159444,17470,0.42,14,0
APP00204,552,140650,23269,0.34,10,0
APP00205,446,183566,40078,0.59,9,1
APP00206,721,117563,7580,0.15,14,0
APP00207,834,152519,42120,0.31,15,0
APP00208,445,78404,12491,0.54,10,1
APP00209,729,193746,7778,0.24,0,0
APP00210,443,135973,35295,0.49,2,1
APP00211,695,162941,38943,0.29,3,0
APP00212,734,108325,30641,0.59,9,0
APP00213,547,177357,6669,0.54,12,0
APP00214,706,42610,6652,0.25,16,0
APP00215,450,49397,20113,0.49,4,0
APP00216,343,116210,23079,0.27,16,0
APP00217,353,154511,49932,0.4,13,1
APP00218,546,167568,15037,0.43,1,0
APP00219,797,104815,10437,0.51,7,0
APP00220,370,140445,47350,0.11,6,1
APP00221,551,124028,8544,0.21,18,0
APP00222,687,193459,2293,0.46,19,0
APP00223,411,141198,21717,0.38,17,0
APP00224,697,100863,20653,0.35,11,0
APP00225,468,194869,31364,0.13,10,0
APP00226,745,48233,44009,0.27,6,0
APP00227,619,197379,46713,0.53,16,0
APP00228,601,56182,15192,0.12,1,0
APP00229,397,78999,49061,0.3,5,1
APP00230,555,169650,32001,0.57,2,0
APP00231,771,154738,4412,0.13,10,0
APP00232,310,194961,46984,0.47,6,1
APP00233,717,157497,7762,0.23,4,0
APP00234,571,138292,29841,0.53,7,0
APP00235,696,88904,39746,0.47,18,0
APP00236,665,30801,13222,0.54,11,0
APP00237,538,51057,14261,0.21,17,0
APP00238,470,80622,24333,0.37,19,0
APP00239,645,36961,44358,0.49,18,0
APP00240,377,116391,11956,0.22,7,0
APP00241,621,162149,33509,0.22,18,0
APP00242,352,193754,23177,0.11,19,0
APP00243,658,113249,6480,0.58,20,0
APP00244,646,178751,35833,0.46,7,0
APP00245,346,197542,41794,0.42,4,1
APP00246,717,176171,29206,0.47,12,0
APP00247,529,109045,9641,0.37,19,0
APP00248,733,85294,8630,0.34,18,0
APP00249,322,196246,21751,0.32,11,0
APP00250,398,71125,25815,0.42,3,0
APP00251,572,99968,28057,0.2,8,0
APP00252,403,42585,12939,0.54,14,1
APP00253,481,164926,25538,0.51,11,0
APP00254,663,140472,15459,0.27,7,0
APP00255,379,44419,34622,0.39,7,1
APP00256,673,67727,40028,0.17,1,0
APP00257,356,124429,32982,0.59,6,1
APP00258,396,121870,1061,0.55,14,0
APP00259,623,166350,49611,0.56,5,1
APP00260,737,75236,2164,0.27,20,0
APP00261,393,187200,49972,0.18,1,0
APP00262,465,105560,2556,0.21,12,0
APP00263,809,169839,26307,0.15,10,0
APP00264,845,70525,6192,0.16,17,0
APP00265,620,36285,5664,0.14,18,0
APP00266,546,39359,34487,0.59,11,1
APP00267,491,93359,36665,0.14,13,0
APP00268,637,192036,6793,0.17,14,0
APP00269,625,38278,48857,0.51,10,1
APP00270,462,92726,16702,0.39,3,0
APP00271,312,48578,16598,0.49,9,1
APP00272,383,188366,15552,0.42,5,0
APP00273,828,144802,23599,0.54,9,0
APP00274,530,159658,9714,0.42,12,0
APP00275,565,151254,21814,0.36,4,0
APP00276,557,141695,11289,0.46,5,0
APP00277,731,161533,3519,0.32,17,0
APP00278,335,31381,19068,0.27,7,1
APP00279,345,177128,33941,0.33,4,1
APP00280,451,155777,38392,0.18,14,0
APP00281,568,155704,18313,0.5,15,0
APP00282,669,96884,16863,0.23,17,0
APP00283,570,166148,39586,0.18,15,0
APP00284,543,94909,34378,0.22,20,0
APP00285,816,38323,41774,0.52,12,0
APP00286,388,184329,45399,0.27,6,0
APP00287,615,69871,41241,0.44,18,0
APP00288,598,47323,46888,0.53,5,1
APP00289,560,135723,21417,0.14,6,0
APP00290,744,69721,20339,0.48,17,0
APP00291,447,175882,16756,0.25,18,0
APP00292,825,105437,12526,0.21,7,0
APP00293,482,30765,37692,0.44,15,0
APP00294,600,191793,36008,0.55,19,0
APP00295,586,117487,40268,0.25,16,0
APP00296,768,74706,9202,0.38,0,0
APP00297,541,145139,25072,0.24,13,0
APP00298,456,120204,11876,0.38,3,0
APP00299,311,35033,44759,0.41,17,1
APP00300,500,159140,14103,0.41,1,0
APP00301,755,98230,8051,0.41,20,0
APP00302,305,148969,28923,0.17,3,1
APP00303,793,182258,44075,0.45,8,0
APP00304,599,133804,45871,0.44,4,0
APP00305,377,144174,5708,0.44,17,1
APP00306,466,73290,16969,0.14,8,1
APP00307,605,70402,8522,0.32,15,0
APP00308,473,100550,16085,0.3,1,0
APP00309,359,174973,27158,0.14,9,1
APP00310,666,119113,14748,0.21,19,0
APP00311,670,89165,4308,0.32,19,0
APP00312,365,162534,25991,0.47,4,1
APP00313,454,175069,3587,0.22,8,0
APP00314,434,183431,12108,0.51,8,0
APP00315,663,80820,1025,0.37,11,0
APP00316,702,150639,5254,0.48,11,0
APP00317,700,130355,22379,0.34,2,0
APP00318,817,106325,42685,0.35,16,0
APP00319,723,97480,38957,0.41,4,0
APP00320,476,49474,5842,0.56,6,1
APP00321,359,76720,2707,0.35,17,0
APP00322,638,123443,17566,0.36,14,0
APP00323,804,180715,32961,0.4,8,0
APP00324,837,177278,37590,0.47,19,0
APP00325,426,61891,41334,0.14,8,0
APP00326,430,145485,17768,0.36,11,0
APP00327,320,44418,9232,0.34,5,0
APP00328,377,144752,2291,0.56,3,0
APP00329,605,88127,8196,0.35,10,0
APP00330,601,106474,4192,0.33,11,0
APP00331,504,151999,43180,0.58,16,0
APP00332,470,102231,14152,0.33,8,1
APP00333,757,167264,41333,0.19,18,0
APP00334,553,120709,28105,0.21,12,0
APP00335,745,199787,27408,0.15,1,0
APP00336,830,138501,23285,0.1,15,0
APP00337,474,80381,41141,0.32,12,0
APP00338,411,161799,3129,0.48,8,0
APP00339,825,99350,5545,0.47,9,0
APP00340,649,120809,21746,0.12,6,0
APP00341,460,53259,20329,0.38,12,0
APP00342,642,50288,27734,0.18,11,0
APP00343,583,127728,37152,0.57,9,1
APP00344,798,61737,29790,0.18,5,0
APP00345,441,199589,13615,0.41,8,0
APP00346,846,175465,17037,0.26,10,0
APP00347,815,149150,37864,0.42,9,0
APP00348,399,154899,10872,0.31,6,0
APP00349,390,131186,25705,0.48,12,1
APP00350,593,40249,27401,0.22,4,1
APP00351,324,96703,37763,0.55,10,1
APP00352,464,114286,36004,0.35,2,1
APP00353,539,185601,23769,0.48,9,0
APP00354,834,67313,16149,0.52,16,0
APP00355,846,114476,19027,0.6,17,0
APP00356,383,88491,21168,0.21,14,0
APP00357,791,52842,11740,0.24,15,0
APP00358,350,47513,31645,0.23,1,1
APP00359,712,92114,11210,0.23,7,0
APP00360,765,44011,32785,0.39,13,0
APP00361,790,41418,37823,0.6,16,0
APP00362,423,89647,48131,0.6,12,1
APP00363,792,64336,6826,0.36,17,0
APP00364,363,124318,38227,0.42,5,1
APP00365,585,33003,5213,0.53,3,0
APP00366,558,81308,17525,0.57,1,0
APP00367,474,107058,9638,0.2,12,0
APP00368,312,193735,8952,0.36,13,1
APP00369,725,137872,9592,0.52,5,0
APP00370,484,179723,3153,0.25,16,0
APP00371,664,88360,41333,0.32,15,0
APP00372,526,106451,3995,0.59,7,0
APP00373,505,101465,20527,0.59,5,1
APP00374,788,180857,35259,0.55,15,0
APP00375,352,193066,49530,0.5,14,1
APP00376,705,193597,42832,0.23,3,0
APP00377,711,157834,7723,0.26,5,0
APP00378,509,115529,49400,0.37,10,0
APP00379,444,121946,33024,0.38,10,0
APP00380,302,196687,9799,0.35,3,1
APP00381,816,78372,22988,0.42,19,0
APP00382,822,88940,45977,0.3,8,0
APP00383,432,182490,20253,0.47,8,0
APP00384,317,95675,9998,0.27,1,1
APP00385,367,69966,43880,0.27,18,0
APP00386,337,125280,47696,0.16,4,1
APP00387,757,85308,48805,0.19,20,0
APP00388,791,181449,47830,0.53,10,0
APP00389,384,184541,43770,0.32,18,1
APP00390,711,82022,23270,0.21,3,0
APP00391,398,120022,10422,0.48,3,0
APP00392,502,197279,31241,0.38,16,0
APP00393,630,156194,11819,0.11,17,0
APP00394,696,66656,24185,0.26,11,0
APP00395,781,130427,33148,0.19,0,0
APP00396,324,135381,47383,0.43,19,1
APP00397,408,141085,15165,0.24,8,1
APP00398,454,34251,13344,0.13,19,0
APP00399,470,80895,37002,0.13,18,0
APP00400,849,175285,1316,0.39,17,0
APP00401,728,71033,28755,0.11,14,0
APP00402,476,80948,37550,0.52,14,0
APP00403,835,84824,27995,0.18,11,0
APP00404,575,60156,19814,0.4,0,0
APP00405,575,56425,41599,0.32,8,0
APP00406,538,88992,19181,0.32,15,0
APP00407,379,178634,35816,0.14,17,0
APP00408,814,30260,23743,0.5,11,0
APP00409,307,78152,2302,0.55,14,1
APP00410,396,40306,26995,0.11,0,0
APP00411,426,125453,3423,0.19,9,0
APP00412,453,72602,46617,0.55,10,1
APP00413,372,164636,30476,0.37,18,1
APP00414,309,129453,19229,0.18,6,1
APP00415,673,163250,24823,0.2,4,0
APP00416,834,137934,31340,0.43,7,0
APP00417,367,104526,13749,0.46,3,0
APP00418,463,176365,15131,0.4,11,1
APP00419,578,110964,21514,0.58,13,0
APP00420,811,191489,13670,0.35,16,0
APP00421,682,199100,38138,0.25,20,0
APP00422,722,130134,6087,0.34,1,0
APP00423,620,144682,41504,0.28,5,0
APP00424,529,73462,18078,0.21,6,0
APP00425,410,168489,28500,0.12,5,0
APP00426,776,144171,8730,0.28,17,0
APP00427,743,183435,19883,0.46,2,0
APP00428,313,75391,37976,0.11,0,0
APP00429,694,163891,14264,0.32,18,0
APP00430,346,109947,7481,0.42,20,0
APP00431,707,61480,26574,0.41,4,0
APP00432,755,59103,8962,0.49,6,0
APP00433,372,125569,16423,0.51,10,1
APP00434,539,84306,23073,0.46,11,1
APP00435,368,47322,28641,0.15,20,0
APP00436,612,102615,32330,0.34,8,0
APP00437,811,140997,34156,0.4,0,0
APP00438,344,84221,42370,0.22,8,1
APP00439,519,192410,4237,0.12,11,0
APP00440,836,162523,18754,0.21,10,0
APP00441,465,117164,1052,0.33,10,0
APP00442,372,188892,1462,0.31,19,1
APP00443,569,103605,11401,0.19,16,0
APP00444,580,53743,30309,0.51,5,0
APP00445,665,36093,44831,0.56,7,0
APP00446,472,189464,38904,0.2,14,0
APP00447,826,193162,32668,0.56,8,0
APP00448,587,155673,39130,0.11,8,0
APP00449,457,47510,9426,0.56,3,0
APP00450,829,79920,42152,0.58,5,0
APP00451,809,36983,44623,0.11,15,0
APP00452,575,38712,5657,0.48,17,1
APP00453,313,71831,24028,0.59,16,1
APP00454,628,127264,41672,0.55,6,0
APP00455,605,41140,24328,0.59,2,0
APP00456,381,197383,42183,0.38,3,0
APP00457,649,107370,46842,0.14,8,0
APP00458,763,74854,24259,0.52,10,0
APP00459,358,117735,3914,0.41,18,0
APP00460,698,164327,17662,0.41,18,0
APP00461,377,83137,11543,0.31,0,0
APP00462,712,38077,24232,0.39,14,1
APP00463,530,38663,29703,0.18,6,0
APP00464,303,174838,23731,0.47,4,1
APP00465,832,48972,10579,0.14,11,0
APP00466,391,138046,15757,0.46,0,0
APP00467,628,95366,34297,0.52,7,0
APP00468,399,162178,2322,0.34,11,0
APP00469,814,40289,11490,0.35,5,0
APP00470,706,182625,44725,0.26,12,0
APP00471,743,148692,5858,0.58,9,0
APP00472,538,106377,21322,0.47,16,0
APP00473,557,65193,11142,0.28,3,0
APP00474,649,196115,6127,0.19,1,0
APP00475,732,81352,21714,0.21,11,0
APP00476,766,113387,26551,0.33,5,0
APP00477,309,97001,9630,0.57,14,0
APP00478,665,69193,4811,0.47,1,0
APP00479,360,100824,7600,0.21,12,0
APP00480,458,55752,32926,0.53,20,0
APP00481,757,30282,43154,0.29,1,0
APP00482,438,79299,9834,0.53,6,0
APP00483,739,49052,16699,0.22,17,0
APP00484,555,100512,17847,0.41,11,0
APP00485,428,176670,18677,0.56,3,0
APP00486,484,57636,12970,0.23,4,0
APP00487,592,30209,3708,0.45,16,0
APP00488,721,48886,26733,0.59,18,0
APP00489,633,116388,18511,0.18,7,0
APP00490,814,76722,17770,0.14,9,0
APP00491,778,113215,13975,0.44,16,0
APP00492,715,34972,46538,0.27,3,0
APP00493,632,86626,30914,0.14,4,0
APP00494,459,99723,21516,0.34,16,0
APP00495,527,103326,11064,0.48,3,0
APP00496,365,123697,40255,0.24,16,0
APP00497,506,162699,44530,0.27,10,0
APP00498,810,109429,2583,0.52,20,0
APP00499,534,173005,46554,0.36,0,0
APP00500,362,120055,35272,0.52,19,1
APP00501,659,74259,5891,0.32,4,0
APP00502,830,68933,37905,0.58,0,1
APP00503,777,84823,6262,0.43,15,0
APP00504,451,131569,3492,0.16,11,0
APP00505,550,71222,6651,0.54,17,0
APP00506,592,185410,23532,0.34,2,0
APP00507,436,111577,31359,0.17,1,0
APP00508,448,176757,20959,0.18,11,0
APP00509,430,146154,6976,0.44,18,0
APP00510,848,86670,10759,0.12,8,0
APP00511,711,68803,42767,0.24,16,0
APP00512,763,156471,48169,0.17,19,0
APP00513,749,86225,37960,0.32,18,0
APP00514,828,71967,6067,0.31,10,0
APP00515,358,188166,41171,0.36,14,0
APP00516,785,112047,34908,0.24,11,0
APP00517,336,38256,26777,0.12,14,1
APP00518,561,114110,8018,0.41,11,0
APP00519,627,108331,49838,0.29,11,0
APP00520,497,176875,22688,0.43,9,0
APP00521,380,150965,3164,0.15,13,0
APP00522,405,62530,11288,0.11,15,0
APP00523,754,55577,20662,0.22,19,0
APP00524,475,132611,4054,0.33,12,0
APP00525,470,38053,16873,0.3,2,0
APP00526,808,84233,23952,0.51,12,0
APP00527,379,53495,47484,0.29,6,1
APP00528,804,33495,5232,0.37,0,0
APP00529,807,186200,29266,0.4,1,0
APP00530,629,45269,45873,0.11,12,0
APP00531,391,31574,40504,0.36,19,1
APP00532,385,188592,46323,0.27,10,0
APP00533,456,62014,9346,0.31,9,0
APP00534,618,168815,40266,0.15,1,0
APP00535,384,35318,48954,0.49,14,1
APP00536,551,56104,16975,0.57,1,1
APP00537,363,48807,25433,0.11,17,0
APP00538,597,150065,27011,0.4,17,0
APP00539,311,135425,25190,0.48,20,1
APP00540,690,110835,15199,0.24,5,0
APP00541,330,71078,48574,0.49,3,1
APP00542,407,45106,47869,0.42,6,0
APP00543,396,126766,19656,0.56,16,1
APP00544,757,69221,40460,0.59,4,0
APP00545,329,130333,20479,0.12,18,0
APP00546,536,146870,39946,0.32,3,0
APP00547,625,174404,29653,0.37,1,0
APP00548,584,113977,24038,0.17,4,0
APP00549,675,30806,7274,0.27,15,0
APP00550,742,77713,33075,0.59,12,0
APP00551,516,175073,16733,0.11,7,0
APP00552,756,120653,11626,0.33,13,0
APP00553,475,135250,10467,0.52,13,0
APP00554,842,107830,49112,0.26,11,0
APP00555,577,57666,6060,0.34,10,0
APP00556,705,182440,40128,0.59,2,0
APP00557,782,161400,43441,0.34,5,0
APP00558,736,199182,2521,0.17,11,0
APP00559,768,175434,29877,0.13,2,0
APP00560,595,79492,29293,0.57,9,0
APP00561,323,73225,18575,0.23,2,1
APP00562,571,72240,33669,0.35,16,0
APP00563,400,186195,21025,0.15,2,1
APP00564,789,124679,22545,0.31,1,0
APP00565,430,107258,22144,0.57,13,0
APP00566,425,194605,40233,0.35,4,0
APP00567,437,132582,32024,0.59,7,1
APP00568,654,184604,19573,0.23,6,0
APP00569,614,197391,46412,0.35,4,0
APP00570,822,43505,40301,0.53,15,0
APP00571,529,91461,46707,0.32,14,1
APP00572,455,154804,36795,0.24,5,0
APP00573,327,168237,20183,0.53,14,1
APP00574,303,55242,38874,0.29,14,1
APP00575,505,84128,17134,0.37,11,0
APP00576,810,123189,14275,0.59,12,0
APP00577,588,165867,23101,0.19,19,0
APP00578,792,49204,48496,0.25,9,0
APP00579,356,132125,28829,0.12,8,1
APP00580,351,80395,19801,0.3,11,0
APP00581,759,66780,23629,0.2,17,0
APP00582,358,117618,15269,0.44,14,0
APP00583,328,100384,33279,0.19,1,1
APP00584,522,138071,18171,0.44,9,0
APP00585,809,83998,28166,0.23,15,0
APP00586,679,169957,19121,0.28,4,0
APP00587,354,43278,16715,0.27,20,0
APP00588,761,176520,48542,0.46,16,0
APP00589,764,35071,17941,0.33,17,0
APP00590,741,155103,4455,0.28,1,0
APP00591,797,88901,19551,0.53,12,0
APP00592,432,95167,27075,0.39,11,0
APP00593,839,33235,5637,0.21,13,0
APP00594,476,149357,15978,0.55,17,1
APP00595,741,58133,9137,0.27,7,0
APP00596,619,142057,25532,0.12,11,0
APP00597,729,153281,36433,0.35,14,0
APP00598,645,173691,48456,0.16,15,0
APP00599,654,150376,20066,0.22,16,0
APP00600,639,81255,43300,0.47,7,0
APP00601,729,155559,11512,0.17,20,0
APP00602,707,170412,39245,0.5,0,0
APP00603,374,83916,28571,0.57,10,1
APP00604,755,51110,38151,0.4,12,0
APP00605,595,181304,38022,0.46,1,1
APP00606,478,55149,27089,0.46,9,1
APP00607,583,130951,13613,0.6,12,0
APP00608,832,70167,26783,0.27,12,0
APP00609,772,51424,41513,0.18,2,0
APP00610,759,161991,48563,0.36,5,0
APP00611,555,54432,46448,0.37,5,1
APP00612,732,143939,9892,0.19,13,0
APP00613,512,147826,30272,0.41,6,0
APP00614,678,40238,6125,0.11,12,0
APP00615,652,59400,33779,0.56,15,0
APP00616,437,165042,49625,0.23,16,0
APP00617,446,116240,3576,0.12,3,0
APP00618,333,50629,33172,0.15,18,1
APP00619,377,198602,47331,0.22,3,0
APP00620,538,75048,42512,0.24,0,0
APP00621,563,30681,20232,0.12,0,0
APP00622,390,187109,6092,0.24,4,0
APP00623,529,32818,46272,0.2,18,0
APP00624,632,124071,46145,0.29,4,0
APP00625,428,198825,29370,0.29,14,0
APP00626,486,128228,48966,0.27,8,0
APP00627,502,129389,1226,0.26,0,0
APP00628,578,95990,31214,0.14,9,0
APP00629,501,51574,2888,0.11,0,0
APP00630,706,127358,46849,0.2,9,0
APP00631,480,182542,34341,0.48,11,0
APP00632,539,45487,45758,0.6,10,0
APP00633,509,179665,28571,0.56,5,0
APP00634,400,100558,5079,0.35,16,0
APP00635,677,121154,2300,0.37,12,0
APP00636,429,58118,17443,0.26,5,0
APP00637,463,135705,37430,0.49,9,1
APP00638,736,61000,8400,0.48,2,0
APP00639,822,76442,42755,0.52,19,0
APP00640,669,152674,12734,0.55,15,0
APP00641,804,38588,25324,0.32,6,0
APP00642,770,106021,10951,0.48,14,0
APP00643,564,131077,23822,0.5,14,0
APP00644,724,52444,23156,0.25,12,0
APP00645,480,80108,1268,0.56,1,0
APP00646,553,88395,28823,0.15,18,0
APP00647,595,142816,39546,0.6,20,0
APP00648,829,196041,46878,0.49,20,0
APP00649,767,172162,17205,0.15,20,0
APP00650,569,62260,44149,0.43,19,0
APP00651,659,33087,44060,0.12,15,0
APP00652,411,38825,49431,0.49,1,1
APP00653,743,131271,19280,0.5,9,0
APP00654,604,56564,42694,0.4,5,0
APP00655,593,69317,28689,0.53,4,1
APP00656,722,174057,3855,0.15,17,0
APP00657,648,178561,14247,0.24,17,0
APP00658,339,172636,33931,0.31,10,0
APP00659,458,73123,8868,0.12,15,0
APP00660,397,135347,22302,0.32,2,1
APP00661,704,133831,38971,0.23,4,0
APP00662,319,61492,8338,0.3,18,0
APP00663,411,124102,25333,0.31,9,0
APP00664,629,119294,11528,0.54,11,0
APP00665,682,97348,27288,0.24,9,0
APP00666,577,157783,12795,0.55,4,0
APP00667,774,145196,48306,0.31,17,0
APP00668,806,120551,4758,0.26,15,0
APP00669,372,153381,48216,0.35,14,0
APP00670,824,159729,39802,0.31,7,0
APP00671,638,126379,42927,0.23,13,0
APP00672,650,75504,42724,0.35,20,0
APP00673,352,158932,10193,0.18,13,0
APP00674,642,151995,46624,0.28,10,0
APP00675,699,197181,30119,0.38,5,0
APP00676,620,55463,48146,0.31,10,0
APP00677,346,101276,44030,0.51,7,1
APP00678,588,187119,29401,0.23,12,0
APP00679,815,117479,19349,0.58,0,0
APP00680,698,190246,6747,0.49,3,0
APP00681,375,32119,5954,0.58,16,1
APP00682,828,35978,20096,0.52,7,0
APP00683,828,165325,40737,0.17,9,0
APP00684,393,90933,25762,0.36,11,1
APP00685,741,118439,24606,0.18,9,0
APP00686,524,102762,12978,0.51,15,0
APP00687,627,99353,28655,0.39,5,0
APP00688,545,189711,32266,0.23,15,0
APP00689,731,45992,49126,0.56,4,0
APP00690,849,161277,36742,0.16,7,0
APP00691,738,181242,30753,0.38,12,0
APP00692,813,141760,45594,0.46,18,0
APP00693,821,97151,21824,0.13,4,0
APP00694,349,57202,46813,0.4,12,1
APP00695,439,146039,19129,0.51,1,1
APP00696,697,109696,7261,0.13,1,0
APP00697,625,55393,21463,0.36,16,0
APP00698,327,91140,7309,0.23,15,1
APP00699,352,193464,6801,0.43,7,0
APP00700,586,75115,44180,0.16,13,0
APP00701,639,60335,39943,0.57,7,0
APP00702,392,145936,11839,0.55,5,0
APP00703,394,63922,42048,0.19,9,0
APP00704,371,186385,4376,0.26,6,1
APP00705,611,176027,14935,0.39,17,0
APP00706,304,197201,35599,0.46,8,1
APP00707,615,185139,15886,0.32,6,0
APP00708,562,71440,36795,0.18,11,0
APP00709,556,66065,43843,0.15,15,0
APP00710,674,88249,4237,0.6,5,0
APP00711,587,109866,2174,0.33,19,0
APP00712,700,179600,47061,0.54,9,0
APP00713,720,154694,26502,0.34,13,0
APP00714,806,139554,25817,0.56,20,0
APP00715,740,179323,23720,0.14,9,0
APP00716,585,139801,22247,0.16,4,0
APP00717,571,94439,34816,0.56,15,0
APP00718,429,100210,29408,0.57,0,0
APP00719,630,117893,9006,0.26,9,0
APP00720,376,45091,31705,0.28,20,0
APP00721,813,156092,33748,0.33,8,0
APP00722,765,140972,6566,0.31,14,0
APP00723,365,154293,19460,0.2,11,0
APP00724,733,120770,39735,0.55,4,0
APP00725,364,163104,31317,0.23,6,0
APP00726,697,191458,7682,0.45,10,0
APP00727,348,126889,2964,0.13,2,1
APP00728,568,105545,29479,0.12,8,0
APP00729,662,47784,23625,0.43,8,0
APP00730,701,162375,48092,0.27,17,0
APP00731,530,183676,26590,0.43,2,0
APP00732,807,148914,46643,0.15,17,0
APP00733,726,177148,11502,0.57,8,0
APP00734,414,176404,22919,0.47,13,1
APP00735,669,165677,7841,0.54,11,0
APP00736,702,115490,29137,0.17,6,0
APP00737,483,46976,10235,0.26,19,0
APP00738,706,30551,25121,0.28,4,0
APP00739,794,64747,17863,0.37,0,0
APP00740,750,103274,10100,0.25,15,0
APP00741,720,156412,5743,0.13,13,0
APP00742,649,107487,26091,0.28,18,0
APP00743,449,33933,47419,0.23,9,1
APP00744,738,65758,10738,0.29,0,0
APP00745,500,196469,20845,0.2,0,0
APP00746,593,197964,12005,0.23,9,0
APP00747,473,94114,40640,0.41,5,0
APP00748,472,166848,21330,0.29,19,0
APP00749,386,152283,48747,0.27,2,1
APP00750,829,188316,13013,0.37,18,0
APP00751,381,180887,4956,0.49,4,0
APP00752,347,136886,29544,0.29,2,1
APP00753,815,97087,32932,0.39,5,0
APP00754,605,136532,49547,0.58,3,0
APP00755,541,84252,43699,0.36,8,0
APP00756,706,89175,44325,0.55,6,0
APP00757,511,133486,32078,0.5,11,0
APP00758,370,127138,18631,0.13,11,0
APP00759,702,128768,22022,0.31,0,0
APP00760,396,95395,7553,0.45,2,0
APP00761,604,99554,22123,0.59,3,0
APP00762,822,31732,18857,0.33,4,0
APP00763,815,132302,2759,0.15,1,0
APP00764,498,127884,11019,0.38,6,1
APP00765,729,189015,27195,0.16,11,0
APP00766,637,115728,19098,0.48,6,0
APP00767,564,109499,49684,0.35,6,0
APP00768,377,41506,24448,0.46,9,1
APP00769,507,63446,47977,0.53,11,0
APP00770,659,87466,33375,0.41,6,0
APP00771,843,94125,2979,0.41,4,0
APP00772,302,91656,10969,0.48,8,1
APP00773,695,96998,35584,0.52,0,0
APP00774,766,160716,27711,0.53,10,0
APP00775,824,52288,15786,0.12,19,0
APP00776,533,86484,26582,0.38,8,0
APP00777,365,57688,45247,0.21,2,1
APP00778,449,82325,20047,0.53,14,0
APP00779,768,146376,3210,0.42,2,0
APP00780,783,37949,16237,0.31,4,0
APP00781,651,87711,46858,0.19,3,0
APP00782,367,34026,38327,0.27,18,0
APP00783,367,192333,42037,0.45,20,1
APP00784,563,153634,45669,0.2,11,0
APP00785,624,71411,6757,0.15,12,0
APP00786,317,63693,14851,0.54,13,0
APP00787,678,46817,3931,0.48,12,0
APP00788,600,110390,1232,0.2,11,0
APP00789,306,158096,41901,0.25,20,0
APP00790,352,129316,46911,0.59,15,1
APP00791,550,179777,8632,0.45,1,0
APP00792,698,88449,36387,0.41,8,1
APP00793,754,77279,27210,0.25,20,0
APP00794,537,111269,4392,0.25,8,0
APP00795,462,64355,45872,0.12,4,0
APP00796,833,195860,43691,0.46,18,0
APP00797,552,61580,28805,0.12,13,0
APP00798,473,111407,35687,0.1,11,0
APP00799,543,118742,20464,0.46,8,0
APP00800,306,39697,39849,0.57,2,1
APP00801,466,109631,22806,0.48,8,1
APP00802,584,107299,49470,0.34,9,0
APP00803,806,74105,4092,0.34,19,0
APP00804,706,51754,9435,0.32,6,0
APP00805,730,37679,48469,0.26,3,0
APP00806,600,31458,15150,0.36,8,0
APP00807,360,111854,16222,0.32,20,0
APP00808,515,45273,39773,0.4,10,0
APP00809,849,193087,10279,0.55,7,0
APP00810,324,71607,26163,0.6,14,1
APP00811,784,140928,15016,0.14,13,0
APP00812,677,144493,10699,0.29,6,0
APP00813,456,114236,48255,0.19,20,1
APP00814,728,180215,10795,0.28,12,0
APP00815,761,48817,5620,0.24,1,0
APP00816,323,69785,34023,0.19,8,1
APP00817,358,72914,43498,0.48,19,1
APP00818,666,53020,7247,0.35,8,0
APP00819,850,80111,35685,0.56,11,0
APP00820,313,83157,27499,0.12,12,0
APP00821,666,160017,41671,0.13,14,0
APP00822,375,81276,7220,0.3,18,0
APP00823,658,179041,48819,0.14,3,0
APP00824,643,161355,31337,0.23,10,0
APP00825,349,183280,42266,0.59,11,1
APP00826,675,47888,18736,0.2,3,0
APP00827,794,197377,47226,0.2,14,0
APP00828,775,134374,31692,0.39,2,0
APP00829,315,197003,7219,0.35,9,0
APP00830,435,90323,46223,0.39,6,1
APP00831,432,192010,39994,0.29,3,0
APP00832,549,130063,15710,0.51,17,0
APP00833,378,42209,27738,0.17,5,1
APP00834,770,99721,20015,0.31,5,0
APP00835,727,53425,27631,0.44,17,0
APP00836,745,190018,48304,0.53,18,0
APP00837,409,81759,45048,0.28,0,1
APP00838,308,67801,11561,0.38,5,0
APP00839,801,123993,48619,0.13,14,0
APP00840,459,102277,22459,0.19,16,0
APP00841,661,46486,35537,0.13,20,0
APP00842,801,168804,38447,0.46,11,0
APP00843,319,173786,24664,0.24,0,1
APP00844,303,156304,23376,0.46,18,0
APP00845,302,134849,23364,0.13,3,1
APP00846,386,98435,43265,0.53,2,1
APP00847,328,122202,19931,0.52,14,0
APP00848,751,118569,14716,0.14,12,0
APP00849,633,58103,18718,0.11,1,0
APP00850,840,43908,10549,0.13,3,0
APP00851,741,73053,20184,0.53,12,0
APP00852,830,107237,6589,0.22,5,0
APP00853,431,57253,5397,0.37,14,0
APP00854,458,48133,36469,0.31,8,0
APP00855,768,174829,4794,0.5,12,0
APP00856,434,93749,28842,0.34,9,0
APP00857,331,129319,39214,0.35,7,1
APP00858,668,119085,36500,0.59,7,0
APP00859,741,154972,22858,0.18,14,0
APP00860,833,155768,10488,0.52,10,0
APP00861,811,80325,46604,0.13,12,0
APP00862,366,174145,41923,0.34,12,0
APP00863,725,93113,30999,0.54,4,0
APP00864,766,171985,5251,0.43,19,0
APP00865,684,98825,2723,0.44,11,0
APP00866,751,48869,16446,0.23,15,0
APP00867,761,159203,8718,0.31,18,0
APP00868,546,35127,43158,0.28,19,0
APP00869,322,161300,11085,0.36,14,0
APP00870,551,37337,14850,0.33,16,0
APP00871,411,65158,48812,0.26,9,1
APP00872,362,132572,41095,0.25,15,1
APP00873,368,190062,11716,0.23,6,1
APP00874,684,99441,19793,0.28,14,0
APP00875,577,50511,26272,0.17,1,0
APP00876,597,69594,33549,0.54,19,1
APP00877,710,182341,46873,0.4,5,0
APP00878,602,153545,43686,0.17,13,0
APP00879,647,47067,48883,0.45,0,0
APP00880,347,95432,2991,0.52,3,0
APP00881,768,74972,12581,0.22,20,0
APP00882,547,60231,28587,0.18,17,0
APP00883,385,173902,3406,0.1,4,0
APP00884,748,135011,18412,0.12,2,0
APP00885,704,60513,8526,0.48,17,0
APP00886,329,140618,46714,0.59,20,0
APP00887,406,100306,4103,0.12,3,0
APP00888,308,40451,8271,0.47,13,0
APP00889,449,106476,10561,0.14,5,0
APP00890,355,61489,8281,0.4,15,1
APP00891,691,71694,28860,0.48,8,0
APP00892,587,179430,18853,0.28,2,0
APP00893,840,150742,45710,0.11,6,0
APP00894,712,52795,13780,0.4,11,0
APP00895,636,174727,27324,0.6,16,0
APP00896,580,127632,33345,0.23,0,0
APP00897,330,178678,31674,0.19,20,0
APP00898,338,157003,40023,0.16,13,1
APP00899,639,87685,10891,0.38,18,0
APP00900,302,120928,25865,0.4,19,1
APP00901,323,120245,40229,0.5,3,1
APP00902,420,152390,43288,0.48,1,1
APP00903,787,72229,31272,0.55,16,0
APP00904,552,86625,32943,0.5,3,0
APP00905,690,71615,43343,0.22,3,0
APP00906,526,80344,31619,0.38,9,0
APP00907,395,57413,47494,0.25,19,0
APP00908,504,36212,7252,0.26,16,0
APP00909,350,189804,18047,0.57,10,0
APP00910,724,42633,6497,0.44,4,0
APP00911,401,180958,5438,0.59,7,0
APP00912,507,30523,24125,0.31,14,0
APP00913,839,162151,12070,0.37,3,0
APP00914,626,85829,20951,0.34,11,0
APP00915,552,118002,22454,0.15,0,0
APP00916,599,77977,31425,0.22,6,0
APP00917,732,113403,47339,0.36,5,0
APP00918,440,106765,42620,0.13,14,0
APP00919,650,120057,19537,0.57,19,0
APP00920,780,96858,16953,0.16,3,0
APP00921,615,121217,38768,0.2,16,0
APP00922,546,170328,7059,0.48,13,0
APP00923,379,103876,27483,0.15,20,0
APP00924,436,91434,21728,0.55,19,1
APP00925,821,52398,9957,0.46,2,0
APP00926,598,91152,31206,0.13,15,0
APP00927,466,51362,16716,0.45,12,0
APP00928,530,61025,10094,0.42,2,1
APP00929,618,191883,33007,0.48,5,0
APP00930,596,45200,9535,0.51,19,0
APP00931,685,111945,33970,0.46,11,0
APP00932,441,171831,8942,0.39,7,0
APP00933,657,192045,22303,0.26,6,0
APP00934,543,54941,40592,0.45,17,0
APP00935,818,57808,12203,0.58,5,0
APP00936,387,93341,38614,0.39,3,1
APP00937,381,124251,36374,0.43,12,0
APP00938,554,193168,45231,0.32,20,0
APP00939,580,65312,9274,0.48,3,0
APP00940,680,57947,36041,0.6,5,1
APP00941,522,73041,46897,0.18,9,1
APP00942,803,178635,38388,0.2,4,0
APP00943,561,35109,10207,0.37,13,0
APP00944,371,94623,41286,0.34,5,1
APP00945,365,50222,6258,0.39,2,0
APP00946,836,56702,29853,0.12,5,0
APP00947,373,185865,25385,0.3,19,1
APP00948,822,30282,27023,0.39,19,0
APP00949,453,84660,26458,0.39,10,1
APP00950,351,185623,2542,0.43,8,0
APP00951,467,133382,25901,0.46,17,0
APP00952,638,42198,46901,0.42,4,0
APP00953,535,109052,22397,0.5,13,0
APP00954,732,195061,14569,0.41,14,0
APP00955,636,98077,49746,0.37,14,0
APP00956,520,119867,5850,0.4,4,0
APP00957,649,120421,24828,0.15,15,0
APP00958,835,142276,26117,0.24,12,0
APP00959,526,61830,24419,0.36,18,0
APP00960,384,172747,46165,0.54,3,1
APP00961,525,198063,21666,0.44,12,0
APP00962,762,54234,48692,0.15,17,0
APP00963,419,169113,4274,0.4,5,0
APP00964,822,168875,36963,0.21,15,0
APP00965,624,156075,30055,0.47,2,0
APP00966,631,93049,12786,0.51,15,0
APP00967,474,109689,12170,0.4,12,0
APP00968,807,172666,36265,0.4,4,0
APP00969,319,55989,32243,0.27,1,1
APP00970,464,170887,30947,0.32,15,0
APP00971,530,186514,3490,0.53,5,0
APP00972,562,145918,30296,0.46,10,0
APP00973,561,88036,49088,0.36,1,1
APP00974,381,125056,1848,0.28,20,0
APP00975,424,38518,23981,0.13,11,1
APP00976,352,188407,25224,0.17,19,1
APP00977,615,88208,44941,0.2,3,0
APP00978,493,39706,14859,0.29,4,0
APP00979,611,165058,24302,0.57,12,0
APP00980,624,141785,36143,0.35,12,0
APP00981,686,135861,3956,0.22,16,0
APP00982,601,39196,40254,0.15,19,0
APP00983,657,157643,41289,0.27,17,0
APP00984,623,138344,36263,0.51,2,0
APP00985,659,164918,32761,0.29,6,0
APP00986,639,170646,37633,0.49,19,0
APP00987,474,66032,39306,0.5,11,1
APP00988,435,65808,45267,0.16,18,0
APP00989,733,187044,21980,0.4,11,0
APP00990,488,120275,23347,0.58,1,0
APP00991,602,104458,32259,0.3,9,0
APP00992,408,78824,10461,0.13,17,0
APP00993,537,138632,42956,0.56,13,0
APP00994,591,158173,38755,0.54,2,0
APP00995,644,30392,31922,0.36,4,1
APP00996,590,123949,15781,0.38,17,0
APP00997,498,198873,18036,0.21,20,0
APP00998,829,77709,22314,0.51,15,0
APP00999,582,77752,33464,0.35,2,0
